Package,LibPath,Version,Priority,Depends,Imports,LinkingTo,Suggests,Enhances,License,License_is_FOSS,License_restricts_use,OS_type,MD5sum,NeedsCompilation,Built
acepack,/home/awheeler/R/x86_64-pc-linux-gnu-library/3.5,1.4.1,NA,NA,NA,NA,testthat,NA,MIT + file LICENSE,NA,NA,NA,NA,yes,3.5.1
annotate,/home/awheeler/R/x86_64-pc-linux-gnu-library/3.5,1.58.0,NA,"R (>= 2.10), AnnotationDbi (>= 1.27.5), XML","Biobase, DBI, xtable, graphics, utils, stats, methods,
BiocGenerics (>= 0.13.8), RCurl",NA,"hgu95av2.db, genefilter, Biostrings (>= 2.25.10), IRanges,
rae230a.db, rae230aprobe, tkWidgets, GO.db, org.Hs.eg.db,
org.Mm.eg.db, hom.Hs.inp.db, humanCHRLOC, Rgraphviz, RUnit,",NA,Artistic-2.0,NA,NA,NA,NA,no,3.5.1
AnnotationDbi,/home/awheeler/R/x86_64-pc-linux-gnu-library/3.5,1.42.1,NA,"R (>= 2.7.0), methods, utils, stats4, BiocGenerics (>=
0.23.1), Biobase (>= 1.17.0), IRanges","DBI, RSQLite, S4Vectors (>= 0.9.25)",NA,"hgu95av2.db, GO.db, org.Sc.sgd.db, org.At.tair.db, KEGG.db,
RUnit, TxDb.Hsapiens.UCSC.hg19.knownGene, hom.Hs.inp.db,
org.Hs.eg.db, reactome.db, AnnotationForge, graph,
EnsDb.Hsapiens.v75, BiocStyle, knitr",NA,Artistic-2.0,NA,NA,NA,NA,no,3.5.1
assertthat,/home/awheeler/R/x86_64-pc-linux-gnu-library/3.5,0.2.0,NA,NA,tools,NA,testthat,NA,GPL-3,NA,NA,NA,NA,no,3.5.1
backports,/home/awheeler/R/x86_64-pc-linux-gnu-library/3.5,1.1.2,NA,R (>= 3.0.0),utils,NA,NA,NA,GPL-2,NA,NA,NA,NA,yes,3.5.1
base64enc,/home/awheeler/R/x86_64-pc-linux-gnu-library/3.5,0.1-3,NA,R (>= 2.9.0),NA,NA,NA,png,GPL-2 | GPL-3,NA,NA,NA,NA,yes,3.5.1
BH,/home/awheeler/R/x86_64-pc-linux-gnu-library/3.5,1.66.0-1,NA,NA,NA,NA,NA,NA,BSL-1.0,NA,NA,NA,NA,no,3.5.1
bindr,/home/awheeler/R/x86_64-pc-linux-gnu-library/3.5,0.1.1,NA,NA,NA,NA,testthat,NA,MIT + file LICENSE,NA,NA,NA,NA,no,3.5.1
bindrcpp,/home/awheeler/R/x86_64-pc-linux-gnu-library/3.5,0.2.2,NA,NA,"bindr (>= 0.1.1), Rcpp (>= 0.12.16)","plogr, Rcpp",testthat,NA,MIT + file LICENSE,NA,NA,NA,NA,yes,3.5.1
Biobase,/home/awheeler/R/x86_64-pc-linux-gnu-library/3.5,2.40.0,NA,"R (>= 2.10), BiocGenerics (>= 0.3.2), utils",methods,NA,"tools, tkWidgets, ALL, RUnit, golubEsets",NA,Artistic-2.0,NA,NA,NA,NA,yes,3.5.1
BiocGenerics,/home/awheeler/R/x86_64-pc-linux-gnu-library/3.5,0.26.0,NA,"methods, utils, graphics, stats, parallel","methods, utils, graphics, stats, parallel",NA,"Biobase, S4Vectors, IRanges, GenomicRanges, Rsamtools,
AnnotationDbi, oligoClasses, oligo, affyPLM, flowClust, affy,
DESeq2, MSnbase, annotate, RUnit",NA,Artistic-2.0,NA,NA,NA,NA,no,3.5.1
BiocInstaller,/home/awheeler/R/x86_64-pc-linux-gnu-library/3.5,1.30.0,NA,R (>= 3.5.0),NA,NA,"remotes, RUnit, BiocGenerics",NA,Artistic-2.0,NA,NA,NA,NA,no,3.5.1
BiocParallel,/home/awheeler/R/x86_64-pc-linux-gnu-library/3.5,1.14.2,NA,methods,"stats, utils, futile.logger, parallel, snow",BH,"BiocGenerics, tools, foreach, BatchJobs, BBmisc, doParallel,
Rmpi, GenomicRanges, RNAseqData.HNRNPC.bam.chr14,
TxDb.Hsapiens.UCSC.hg19.knownGene, VariantAnnotation,
Rsamtools, GenomicAlignments, ShortRead, codetools, RUnit,
BiocStyle, knitr, batchtools",NA,GPL-2 | GPL-3,NA,NA,NA,NA,yes,3.5.1
bit,/home/awheeler/R/x86_64-pc-linux-gnu-library/3.5,1.1-14,NA,R (>= 2.9.2),NA,NA,NA,NA,GPL-2,NA,NA,NA,NA,yes,3.5.1
bit64,/home/awheeler/R/x86_64-pc-linux-gnu-library/3.5,0.9-7,NA,"R (>= 3.0.1), bit (>= 1.1-12), utils, methods, stats",NA,NA,NA,NA,GPL-2,NA,NA,NA,NA,yes,3.5.1
bitops,/home/awheeler/R/x86_64-pc-linux-gnu-library/3.5,1.0-6,NA,NA,NA,NA,NA,NA,GPL (>= 2),NA,NA,NA,NA,yes,3.5.1
blob,/home/awheeler/R/x86_64-pc-linux-gnu-library/3.5,1.1.1,NA,NA,"methods, prettyunits",NA,"covr, pillar (>= 1.2.1), testthat",NA,GPL-3,NA,NA,NA,NA,no,3.5.1
broom,/home/awheeler/R/x86_64-pc-linux-gnu-library/3.5,0.5.1,NA,R (>= 3.1),"backports, dplyr, generics (>= 0.0.2), methods, nlme, purrr,
reshape2, stringr, tibble, tidyr",NA,"AER, akima, AUC, bbmle, betareg, biglm, binGroup, boot, brms,
btergm, car, caret, coda, covr, e1071, emmeans, ergm, gam (>=
1.15), gamlss, gamlss.data, gamlss.dist, geepack, ggplot2,
glmnet, gmm, Hmisc, irlba, joineRML, Kendall, knitr, ks,
Lahman, lavaan, lfe, lme4, lmodel2, lmtest, lsmeans, maps,
maptools, MASS, Matrix, mclust, mgcv, muhaz, multcomp, network,
nnet, orcutt (>= 2.2), ordinal, plm, plyr, poLCA, psych,
quantreg, rgeos, rmarkdown, robust, rsample, rstan, rstanarm,
sp, speedglm, statnet.common, survey, survival, testthat,
tseries, xergm, zoo",NA,MIT + file LICENSE,NA,NA,NA,NA,no,3.5.1
callr,/home/awheeler/R/x86_64-pc-linux-gnu-library/3.5,3.1.1,NA,NA,"processx (>= 3.2.1), R6, utils",NA,"cliapp, covr, crayon, pingr, ps, testthat, withr",NA,MIT + file LICENSE,NA,NA,NA,NA,no,3.5.1
caTools,/home/awheeler/R/x86_64-pc-linux-gnu-library/3.5,1.17.1.1,NA,R (>= 2.2.0),bitops,NA,"MASS, rpart",NA,GPL-3,NA,NA,NA,NA,yes,3.5.1
cellranger,/home/awheeler/R/x86_64-pc-linux-gnu-library/3.5,1.1.0,NA,R (>= 3.0.0),"rematch, tibble",NA,"covr, testthat (>= 1.0.0), knitr, rmarkdown",NA,MIT + file LICENSE,NA,NA,NA,NA,no,3.5.1
checkmate,/home/awheeler/R/x86_64-pc-linux-gnu-library/3.5,1.8.5,NA,R (>= 3.0.0),"backports (>= 1.1.0), utils",NA,"R6, bit, fastmatch, data.table (>= 1.9.8), devtools, ggplot2,
knitr, magrittr, microbenchmark, rmarkdown, testthat (>=
0.11.0), tibble",NA,BSD_3_clause + file LICENSE,NA,NA,NA,NA,yes,3.5.1
cli,/home/awheeler/R/x86_64-pc-linux-gnu-library/3.5,1.0.1,NA,R (>= 2.10),"assertthat, crayon (>= 1.3.4), methods, utils",NA,"covr, fansi, mockery, testthat, webshot, withr",NA,MIT + file LICENSE,NA,NA,NA,NA,no,3.5.1
clipr,/home/awheeler/R/x86_64-pc-linux-gnu-library/3.5,0.5.0,NA,NA,utils,NA,"covr, rstudioapi (>= 0.5), testthat (>= 2.0.0)",NA,GPL-3,NA,NA,NA,NA,no,3.5.1
clisymbols,/home/awheeler/R/x86_64-pc-linux-gnu-library/3.5,1.2.0,NA,NA,NA,NA,testthat,NA,MIT + file LICENSE,NA,NA,NA,NA,no,3.5.1
colorspace,/home/awheeler/R/x86_64-pc-linux-gnu-library/3.5,1.3-2,NA,"R (>= 2.13.0), methods","graphics, grDevices",NA,"datasets, stats, utils, KernSmooth, MASS, kernlab, mvtnorm,
vcd, dichromat, tcltk, shiny, shinyjs",NA,BSD_3_clause + file LICENSE,NA,NA,NA,NA,yes,3.5.1
CoreAPIV2,/home/awheeler/R/x86_64-pc-linux-gnu-library/3.5,2.0.0.9001,NA,NA,"httr,jsonlite,XML,base64enc",NA,"testthat, knitr, rmarkdown",NA,GPL-2 | GPL-3,NA,NA,NA,NA,no,3.5.1
crayon,/home/awheeler/R/x86_64-pc-linux-gnu-library/3.5,1.3.4,NA,NA,"grDevices, methods, utils",NA,"mockery, rstudioapi, testthat, withr",NA,MIT + file LICENSE,NA,NA,NA,NA,no,3.5.1
crosstalk,/home/awheeler/R/x86_64-pc-linux-gnu-library/3.5,1.0.0,NA,NA,"htmltools (>= 0.3.5), jsonlite, lazyeval, R6, shiny (>= 0.11),
ggplot2",NA,NA,NA,MIT + file LICENSE,NA,NA,NA,NA,no,3.5.1
curl,/home/awheeler/R/x86_64-pc-linux-gnu-library/3.5,3.2,NA,R (>= 3.0.0),NA,NA,"spelling, testthat (>= 1.0.0), knitr, jsonlite, rmarkdown,
magrittr, httpuv, webutils",NA,MIT + file LICENSE,NA,NA,NA,NA,yes,3.5.1
data.table,/home/awheeler/R/x86_64-pc-linux-gnu-library/3.5,1.11.6,NA,R (>= 3.1.0),methods,NA,"bit64, curl, knitr, xts, nanotime, zoo, reshape2",NA,MPL-2.0 | file LICENSE,NA,NA,NA,NA,yes,3.5.1
DBI,/home/awheeler/R/x86_64-pc-linux-gnu-library/3.5,1.0.0,NA,"R (>= 3.0.0), methods",NA,NA,"blob, covr, hms, knitr, magrittr, rprojroot, rmarkdown,
RSQLite (>= 1.1-2), testthat, xml2",NA,LGPL (>= 2),NA,NA,NA,NA,no,3.5.1
dbplyr,/home/awheeler/R/x86_64-pc-linux-gnu-library/3.5,1.3.0,NA,R (>= 3.1),"assertthat (>= 0.2.0), DBI (>= 1.0.0), dplyr (>= 0.7.5), glue
(>= 1.2.0), methods, purrr (>= 0.2.5), R6 (>= 2.2.2), rlang (>=
0.2.0), tibble (>= 1.4.2), tidyselect (>= 0.2.4), utils",NA,"bit64, covr, knitr, Lahman, nycflights13, RMariaDB (>=
1.0.2), rmarkdown, RMySQL (>= 0.10.11), RPostgreSQL (>= 0.4.1),
RSQLite (>= 2.1.0), testthat (>= 2.0.0), withr (>= 2.1.2)",NA,MIT + file LICENSE,NA,NA,NA,NA,no,3.5.1
DelayedArray,/home/awheeler/R/x86_64-pc-linux-gnu-library/3.5,0.6.4,NA,"R (>= 3.4), methods, stats4, matrixStats, BiocGenerics (>=
0.25.1), S4Vectors (>= 0.17.43), IRanges (>= 2.11.17),
BiocParallel",stats,NA,"Matrix, HDF5Array, genefilter, SummarizedExperiment, airway,
pryr, knitr, BiocStyle, RUnit",NA,Artistic-2.0,NA,NA,NA,NA,no,3.5.1
desc,/home/awheeler/R/x86_64-pc-linux-gnu-library/3.5,1.2.0,NA,R (>= 3.1.0),"assertthat, utils, R6, crayon, rprojroot",NA,"covr, testthat, whoami, withr",NA,MIT + file LICENSE,NA,NA,NA,NA,no,3.5.1
DESeq2,/home/awheeler/R/x86_64-pc-linux-gnu-library/3.5,1.20.0,NA,"S4Vectors (>= 0.9.25), IRanges, GenomicRanges,
SummarizedExperiment (>= 1.1.6)","BiocGenerics (>= 0.7.5), Biobase, BiocParallel, genefilter,
methods, locfit, geneplotter, ggplot2, Hmisc, Rcpp (>= 0.11.0)","Rcpp, RcppArmadillo","testthat, knitr, rmarkdown, vsn, pheatmap, RColorBrewer, IHW,
apeglm, ashr, tximport, tximportData, readr, pbapply, airway,
pasilla (>= 0.2.10)",NA,LGPL (>= 3),NA,NA,NA,NA,yes,3.5.1
devtools,/home/awheeler/R/x86_64-pc-linux-gnu-library/3.5,1.13.6,NA,R (>= 3.0.2),"httr (>= 0.4), utils, tools, methods, memoise (>= 1.0.0),
whisker, digest, rstudioapi (>= 0.2.0), jsonlite, stats, git2r
(>= 0.11.0), withr",NA,"curl (>= 0.9), crayon, testthat (>= 1.0.2), BiocInstaller,
Rcpp (>= 0.10.0), MASS, rmarkdown, knitr, hunspell (>= 2.0),
lintr (>= 0.2.1), bitops, roxygen2 (>= 5.0.0), evaluate,
rversions, covr, gmailr (> 0.7.0)",NA,GPL (>= 2),NA,NA,NA,NA,no,3.5.1
digest,/home/awheeler/R/x86_64-pc-linux-gnu-library/3.5,0.6.17,NA,R (>= 3.1.0),NA,NA,"knitr, rmarkdown",NA,GPL (>= 2),NA,NA,NA,NA,yes,3.5.1
dplyr,/home/awheeler/R/x86_64-pc-linux-gnu-library/3.5,0.7.8,NA,R (>= 3.1.2),"assertthat (>= 0.2.0), bindrcpp (>= 0.2.0.9000), glue (>=
1.1.1), magrittr (>= 1.5), methods, pkgconfig (>= 2.0.1), R6
(>= 2.2.2), Rcpp (>= 0.12.19), rlang (>= 0.3.0), tibble (>=
1.4.2), tidyselect (>= 0.2.3), utils","BH (>= 1.58.0-1), bindrcpp (>= 0.2.0.9000), plogr (>=
0.1.10), Rcpp (>= 0.12.15)","bit64 (>= 0.9.7), callr, covr (>= 3.0.1), DBI (>= 0.7.14),
dbplyr (>= 1.2.0), dtplyr (>= 0.0.2), ggplot2 (>= 2.2.1), hms
(>= 0.4.1), knitr (>= 1.19), Lahman (>= 3.0-1), lubridate,
MASS, mgcv (>= 1.8.23), microbenchmark (>= 1.4.4), nycflights13
(>= 0.2.2), rmarkdown (>= 1.8), RMySQL (>= 0.10.13),
RPostgreSQL (>= 0.6.2), RSQLite (>= 2.0), testthat (>= 2.0.0),
withr (>= 2.1.1)",NA,MIT + file LICENSE,NA,NA,NA,NA,yes,3.5.1
DT,/home/awheeler/R/x86_64-pc-linux-gnu-library/3.5,0.4,NA,NA,"htmltools (>= 0.3.6), htmlwidgets (>= 1.0), magrittr,
crosstalk",NA,"jsonlite (>= 0.9.16), knitr (>= 1.8), rmarkdown, shiny (>=
0.12.1)",NA,GPL-3 | file LICENSE,NA,NA,NA,NA,no,3.5.1
edgeR,/home/awheeler/R/x86_64-pc-linux-gnu-library/3.5,3.22.3,NA,"R (>= 2.15.0), limma (>= 3.34.5)","graphics, stats, utils, methods, locfit, Rcpp",Rcpp,"AnnotationDbi, org.Hs.eg.db, readr, splines",NA,GPL (>=2),NA,NA,NA,NA,yes,3.5.1
evaluate,/home/awheeler/R/x86_64-pc-linux-gnu-library/3.5,0.11,NA,R (>= 3.0.2),"methods, stringr (>= 0.6.2)",NA,"testthat, lattice, ggplot2",NA,MIT + file LICENSE,NA,NA,NA,NA,no,3.5.1
fansi,/home/awheeler/R/x86_64-pc-linux-gnu-library/3.5,0.3.0,NA,R (>= 3.1.0),NA,NA,"unitizer, knitr, rmarkdown",NA,GPL (>= 2),NA,NA,NA,NA,yes,3.5.1
forcats,/home/awheeler/R/x86_64-pc-linux-gnu-library/3.5,0.3.0,NA,R (>= 3.1),"magrittr, rlang, tibble",NA,"covr, ggplot2, testthat",NA,GPL-3,NA,NA,NA,NA,no,3.5.1
foreign,/home/awheeler/R/x86_64-pc-linux-gnu-library/3.5,0.8-71,recommended,R (>= 3.0.0),"methods, utils, stats",NA,NA,NA,GPL (>= 2),NA,NA,NA,NA,yes,3.5.1
formatR,/home/awheeler/R/x86_64-pc-linux-gnu-library/3.5,1.5,NA,R (>= 3.0.2),NA,NA,"codetools, shiny, testit, rmarkdown, knitr",NA,GPL,NA,NA,NA,NA,no,3.5.1
Formula,/home/awheeler/R/x86_64-pc-linux-gnu-library/3.5,1.2-3,NA,"R (>= 2.0.0), stats",NA,NA,NA,NA,GPL-2 | GPL-3,NA,NA,NA,NA,no,3.5.1
fs,/home/awheeler/R/x86_64-pc-linux-gnu-library/3.5,1.2.6,NA,R (>= 3.1),"methods, Rcpp",Rcpp,"testthat, covr, pillar (>= 1.0.0), crayon, withr",NA,GPL-3,NA,NA,NA,NA,yes,3.5.1
futile.logger,/home/awheeler/R/x86_64-pc-linux-gnu-library/3.5,1.4.3,NA,R (>= 3.0.0),"utils, lambda.r (>= 1.1.0), futile.options",NA,"testthat, jsonlite",NA,LGPL-3,NA,NA,NA,NA,no,3.5.1
futile.options,/home/awheeler/R/x86_64-pc-linux-gnu-library/3.5,1.0.1,NA,R (>= 2.8.0),NA,NA,NA,NA,LGPL-3,NA,NA,NA,NA,no,3.5.1
gdata,/home/awheeler/R/x86_64-pc-linux-gnu-library/3.5,2.18.0,NA,R (>= 2.3.0),"gtools, stats, methods, utils",NA,RUnit,NA,GPL-2,NA,NA,NA,NA,no,3.5.1
genefilter,/home/awheeler/R/x86_64-pc-linux-gnu-library/3.5,1.62.0,NA,NA,"S4Vectors (>= 0.9.42), AnnotationDbi, annotate, Biobase,
graphics, methods, stats, survival",NA,"class, hgu95av2.db, tkWidgets, ALL, ROC, DESeq, pasilla,
BiocStyle, knitr",NA,Artistic-2.0,NA,NA,NA,NA,yes,3.5.1
geneplotter,/home/awheeler/R/x86_64-pc-linux-gnu-library/3.5,1.58.0,NA,"R (>= 2.10), methods, Biobase, BiocGenerics, lattice, annotate","AnnotationDbi, graphics, grDevices, grid, RColorBrewer, stats,
utils",NA,"Rgraphviz, fibroEset, hgu95av2.db, hu6800.db, hgu133a.db",NA,Artistic-2.0,NA,NA,NA,NA,no,3.5.1
generics,/home/awheeler/R/x86_64-pc-linux-gnu-library/3.5,0.0.2,NA,R (>= 3.1),methods,NA,"covr, pkgload, testthat, tibble",NA,GPL-2,NA,NA,NA,NA,no,3.5.1
GenomeInfoDb,/home/awheeler/R/x86_64-pc-linux-gnu-library/3.5,1.16.0,NA,"R (>= 3.1), methods, BiocGenerics (>= 0.13.8), S4Vectors (>=
0.17.25), IRanges (>= 2.13.12)","stats, stats4, utils, RCurl, GenomeInfoDbData",NA,"GenomicRanges, Rsamtools, GenomicAlignments, BSgenome,
GenomicFeatures, BSgenome.Scerevisiae.UCSC.sacCer2,
BSgenome.Celegans.UCSC.ce2, BSgenome.Hsapiens.NCBI.GRCh38,
TxDb.Dmelanogaster.UCSC.dm3.ensGene, RUnit, BiocStyle, knitr",NA,Artistic-2.0,NA,NA,NA,NA,no,3.5.1
GenomeInfoDbData,/home/awheeler/R/x86_64-pc-linux-gnu-library/3.5,1.1.0,NA,R (>= 3.3),NA,NA,NA,NA,Artistic-2.0,NA,NA,NA,NA,no,3.5.1
GenomicRanges,/home/awheeler/R/x86_64-pc-linux-gnu-library/3.5,1.32.6,NA,"R (>= 2.10), methods, stats4, BiocGenerics (>= 0.25.3),
S4Vectors (>= 0.17.32), IRanges (>= 2.14.4), GenomeInfoDb (>=
1.15.2)","utils, stats, XVector (>= 0.19.8)","S4Vectors, IRanges","Biobase, AnnotationDbi (>= 1.21.1), annotate, Biostrings (>=
2.25.3), Rsamtools (>= 1.13.53), SummarizedExperiment (>=
0.1.5), Matrix, GenomicAlignments, rtracklayer, BSgenome,
GenomicFeatures, Gviz, VariantAnnotation, AnnotationHub,
DESeq2, DEXSeq, edgeR, KEGGgraph, BiocStyle, digest, RUnit,
BSgenome.Hsapiens.UCSC.hg19, BSgenome.Scerevisiae.UCSC.sacCer2,
KEGG.db, hgu95av2.db, org.Hs.eg.db, org.Mm.eg.db,
org.Sc.sgd.db, pasilla, pasillaBamSubset,
TxDb.Athaliana.BioMart.plantsmart22,
TxDb.Dmelanogaster.UCSC.dm3.ensGene,
TxDb.Hsapiens.UCSC.hg19.knownGene,
BSgenome.Mmusculus.UCSC.mm10,
TxDb.Mmusculus.UCSC.mm10.knownGene,
RNAseqData.HNRNPC.bam.chr14, hgu95av2probe",NA,Artistic-2.0,NA,NA,NA,NA,yes,3.5.1
ggplot2,/home/awheeler/R/x86_64-pc-linux-gnu-library/3.5,3.1.0,NA,R (>= 3.1),"digest, grid, gtable (>= 0.1.1), lazyeval, MASS, mgcv, plyr
(>= 1.7.1), reshape2, rlang (>= 0.2.1), scales (>= 0.5.0),
stats, tibble, viridisLite, withr (>= 2.0.0)",NA,"covr, dplyr, ggplot2movies, hexbin, Hmisc, lattice, mapproj,
maps, maptools, multcomp, munsell, nlme, testthat (>= 0.11.0),
vdiffr, quantreg, knitr, rgeos, rpart, rmarkdown, sf (>=
0.3-4), svglite (>= 1.2.0.9001)",sp,GPL-2 | file LICENSE,NA,NA,NA,NA,no,3.5.1
gh,/home/awheeler/R/x86_64-pc-linux-gnu-library/3.5,1.0.1,NA,NA,"ini, jsonlite, httr",NA,"covr, pingr, testthat",NA,MIT + file LICENSE,NA,NA,NA,NA,no,3.5.1
git2r,/home/awheeler/R/x86_64-pc-linux-gnu-library/3.5,0.23.0,NA,R (>= 3.1),"graphics, utils",NA,getPass,NA,GPL-2,NA,NA,NA,NA,yes,3.5.1
glue,/home/awheeler/R/x86_64-pc-linux-gnu-library/3.5,1.3.0,NA,R (>= 3.1),methods,NA,"testthat, covr, magrittr, crayon, knitr, rmarkdown, DBI,
RSQLite, R.utils, forcats, microbenchmark, rprintf, stringr,
ggplot2, dplyr, withr",NA,MIT + file LICENSE,NA,NA,NA,NA,yes,3.5.1
gplots,/home/awheeler/R/x86_64-pc-linux-gnu-library/3.5,3.0.1,NA,R (>= 3.0),"gtools, gdata, stats, caTools, KernSmooth",NA,"grid, MASS",NA,GPL-2,NA,NA,NA,NA,no,3.5.1
gridExtra,/home/awheeler/R/x86_64-pc-linux-gnu-library/3.5,2.3,NA,NA,"gtable, grid, grDevices, graphics, utils",NA,"ggplot2, egg, lattice, knitr, testthat",NA,GPL (>= 2),NA,NA,NA,NA,no,3.5.1
gtable,/home/awheeler/R/x86_64-pc-linux-gnu-library/3.5,0.2.0,NA,R (>= 2.14),grid,NA,"testthat, covr",NA,GPL-2,NA,NA,NA,NA,no,3.5.1
gtools,/home/awheeler/R/x86_64-pc-linux-gnu-library/3.5,3.8.1,NA,"methods, stats, utils",NA,NA,NA,NA,GPL-2,NA,NA,NA,NA,yes,3.5.1
haven,/home/awheeler/R/x86_64-pc-linux-gnu-library/3.5,2.0.0,NA,R (>= 3.1),"forcats (>= 0.2.0), hms, Rcpp (>= 0.11.4), readr (>= 0.1.0),
tibble",Rcpp,"covr, fs, knitr, rmarkdown, testthat",NA,MIT + file LICENSE,NA,NA,NA,NA,yes,3.5.1
here,/home/awheeler/R/x86_64-pc-linux-gnu-library/3.5,0.1,NA,NA,rprojroot (>= 1.2),NA,NA,NA,GPL-3,NA,NA,NA,NA,no,3.5.1
highr,/home/awheeler/R/x86_64-pc-linux-gnu-library/3.5,0.7,NA,R (>= 3.0.2),NA,NA,"knitr, testit",NA,GPL,NA,NA,NA,NA,no,3.5.1
Hmisc,/home/awheeler/R/x86_64-pc-linux-gnu-library/3.5,4.1-1,NA,"lattice, survival (>= 2.40-1), Formula, ggplot2 (>= 2.2)","methods, latticeExtra, cluster, rpart, nnet, acepack, foreign,
gtable, grid, gridExtra, data.table, htmlTable (>= 1.11.0),
viridis, htmltools, base64enc",NA,"chron, rms, mice, tables, knitr, ff, ffbase, plotly (>=
4.5.6)",NA,GPL (>= 2),NA,NA,NA,NA,yes,3.5.1
hms,/home/awheeler/R/x86_64-pc-linux-gnu-library/3.5,0.4.2,NA,NA,"methods, pkgconfig, rlang",NA,"crayon, lubridate, pillar (>= 1.1.0), testthat",NA,GPL-3,NA,NA,NA,NA,no,3.5.1
htmlTable,/home/awheeler/R/x86_64-pc-linux-gnu-library/3.5,1.12,NA,NA,"stringr, knitr (>= 1.6), magrittr (>= 1.5), methods,
checkmate, htmlwidgets, htmltools, rstudioapi (>= 0.6)",NA,"testthat, XML, xtable, ztable, Hmisc, reshape, rmarkdown,
pander, chron, lubridate, tibble, tidyr (>= 0.7.2), dplyr (>=
0.7.4)",NA,GPL (>= 3),NA,NA,NA,NA,no,3.5.1
htmltools,/home/awheeler/R/x86_64-pc-linux-gnu-library/3.5,0.3.6,NA,R (>= 2.14.1),"utils, digest, Rcpp",Rcpp,"markdown, testthat",knitr,GPL (>= 2),NA,NA,NA,NA,yes,3.5.1
htmlwidgets,/home/awheeler/R/x86_64-pc-linux-gnu-library/3.5,1.2,NA,NA,"grDevices, htmltools (>= 0.3), jsonlite (>= 0.9.16), yaml",NA,knitr (>= 1.8),shiny (>= 1.0.5),MIT + file LICENSE,NA,NA,NA,NA,no,3.5.1
httpuv,/home/awheeler/R/x86_64-pc-linux-gnu-library/3.5,1.4.5,NA,"R (>= 2.15.1), methods","Rcpp (>= 0.11.0), utils, promises, later (>= 0.7.3)","Rcpp, BH, later","testthat, callr",NA,GPL (>= 2) | file LICENSE,NA,NA,NA,NA,yes,3.5.1
httr,/home/awheeler/R/x86_64-pc-linux-gnu-library/3.5,1.3.1,NA,R (>= 3.0.0),"jsonlite, mime, curl (>= 0.9.1), openssl (>= 0.8), R6",NA,"httpuv, jpeg, knitr, png, testthat (>= 0.8.0), readr, xml2,
rmarkdown, covr",NA,MIT + file LICENSE,NA,NA,NA,NA,no,3.5.1
ini,/home/awheeler/R/x86_64-pc-linux-gnu-library/3.5,0.3.1,NA,NA,NA,NA,testthat,NA,GPL-3,NA,NA,NA,NA,no,3.5.1
IRanges,/home/awheeler/R/x86_64-pc-linux-gnu-library/3.5,2.14.10,NA,"R (>= 3.1.0), methods, utils, stats, BiocGenerics (>= 0.25.3),
S4Vectors (>= 0.18.2)",stats4,S4Vectors,"XVector, GenomicRanges, Rsamtools, GenomicAlignments,
GenomicFeatures, BSgenome.Celegans.UCSC.ce2, pasillaBamSubset,
RUnit, BiocStyle",NA,Artistic-2.0,NA,NA,NA,NA,yes,3.5.1
janitor,/home/awheeler/R/x86_64-pc-linux-gnu-library/3.5,1.1.1,NA,R (>= 3.1.2),"dplyr (>= 0.7.0), tidyr (>= 0.7.0), snakecase (>= 0.9.0),
magrittr, purrr, rlang",NA,"testthat, knitr, rmarkdown",NA,MIT + file LICENSE,NA,NA,NA,NA,no,3.5.1
jsonlite,/home/awheeler/R/x86_64-pc-linux-gnu-library/3.5,1.5,NA,methods,NA,NA,"httr, curl, plyr, testthat, knitr, rmarkdown, R.rsp, sp",NA,MIT + file LICENSE,NA,NA,NA,NA,yes,3.5.1
knitr,/home/awheeler/R/x86_64-pc-linux-gnu-library/3.5,1.20,NA,R (>= 3.1.0),"evaluate (>= 0.10), highr, markdown, stringr (>= 0.6), yaml,
methods, tools",NA,"formatR, testit, digest, rgl (>= 0.95.1201), codetools,
rmarkdown, htmlwidgets (>= 0.7), webshot, tikzDevice (>= 0.10),
tinytex, xfun, reticulate (>= 1.4), JuliaCall (>= 0.11.1), png,
jpeg, xml2, httr, DBI (>= 0.4-1), showtext, tibble",NA,GPL,NA,NA,NA,NA,no,3.5.1
labeling,/home/awheeler/R/x86_64-pc-linux-gnu-library/3.5,0.3,NA,NA,NA,NA,NA,NA,MIT + file LICENSE | Unlimited,NA,NA,NA,NA,no,3.5.1
lambda.r,/home/awheeler/R/x86_64-pc-linux-gnu-library/3.5,1.2.3,NA,R (>= 3.0.0),formatR,NA,testit,NA,LGPL-3,NA,NA,NA,NA,no,3.5.1
later,/home/awheeler/R/x86_64-pc-linux-gnu-library/3.5,0.7.5,NA,NA,"Rcpp (>= 0.12.9), rlang","Rcpp, BH","knitr, rmarkdown, testthat",NA,GPL (>= 2),NA,NA,NA,NA,yes,3.5.1
latticeExtra,/home/awheeler/R/x86_64-pc-linux-gnu-library/3.5,0.6-28,NA,"R (>= 2.10.0), lattice, RColorBrewer","grid, stats, utils, grDevices",NA,"maps, mapproj, deldir, tripack, zoo, MASS, quantreg, mgcv",NA,GPL (>= 2),NA,NA,NA,NA,no,3.5.1
lazyeval,/home/awheeler/R/x86_64-pc-linux-gnu-library/3.5,0.2.1,NA,R (>= 3.1.0),NA,NA,"knitr, rmarkdown (>= 0.2.65), testthat, covr",NA,GPL-3,NA,NA,NA,NA,yes,3.5.1
limma,/home/awheeler/R/x86_64-pc-linux-gnu-library/3.5,3.36.2,NA,R (>= 2.3.0),"grDevices, graphics, stats, utils, methods",NA,"affy, AnnotationDbi, BiasedUrn, Biobase, ellipse, GO.db,
gplots, illuminaio, locfit, MASS, org.Hs.eg.db, splines,
statmod (>= 1.2.2), vsn",NA,GPL (>=2),NA,NA,NA,NA,yes,3.5.1
locfit,/home/awheeler/R/x86_64-pc-linux-gnu-library/3.5,1.5-9.1,NA,R (>= 2.0.1),lattice,NA,"akima, gam",NA,GPL (>= 2),NA,NA,NA,NA,yes,3.5.1
lubridate,/home/awheeler/R/x86_64-pc-linux-gnu-library/3.5,1.7.4,NA,"methods, R (>= 3.0.0)","stringr, Rcpp (>= 0.12.13),","Rcpp,","testthat, knitr, covr","chron, fts, timeSeries, timeDate, tis, tseries, xts, zoo",GPL (>= 2),NA,NA,NA,NA,yes,3.5.1
magrittr,/home/awheeler/R/x86_64-pc-linux-gnu-library/3.5,1.5,NA,NA,NA,NA,"testthat, knitr",NA,MIT + file LICENSE,NA,NA,NA,NA,no,3.5.1
markdown,/home/awheeler/R/x86_64-pc-linux-gnu-library/3.5,0.8,NA,R (>= 2.11.1),"utils, mime (>= 0.3)",NA,"knitr, RCurl",NA,GPL-2,NA,NA,NA,NA,yes,3.5.1
matrixStats,/home/awheeler/R/x86_64-pc-linux-gnu-library/3.5,0.54.0,NA,R (>= 2.12.0),NA,NA,"base64enc, ggplot2, knitr, microbenchmark, R.devices, R.rsp",NA,Artistic-2.0,NA,NA,NA,NA,yes,3.5.1
memoise,/home/awheeler/R/x86_64-pc-linux-gnu-library/3.5,1.1.0,NA,NA,digest (>= 0.6.3),NA,"testthat, aws.s3, httr, covr",NA,MIT + file LICENSE,NA,NA,NA,NA,no,3.5.1
mime,/home/awheeler/R/x86_64-pc-linux-gnu-library/3.5,0.5,NA,NA,tools,NA,NA,NA,GPL,NA,NA,NA,NA,yes,3.5.1
modelr,/home/awheeler/R/x86_64-pc-linux-gnu-library/3.5,0.1.2,NA,R (>= 3.1),"broom, dplyr, magrittr, purrr (>= 0.2.2), tibble, tidyr (>=
0.8.0), rlang (>= 0.2.0)",NA,"compiler, covr, ggplot2, testthat",NA,GPL-3,NA,NA,NA,NA,no,3.5.1
munsell,/home/awheeler/R/x86_64-pc-linux-gnu-library/3.5,0.5.0,NA,NA,"colorspace, methods",NA,"ggplot2, testthat",NA,MIT + file LICENSE,NA,NA,NA,NA,no,3.5.1
openssl,/home/awheeler/R/x86_64-pc-linux-gnu-library/3.5,1.0.2,NA,NA,NA,NA,"testthat, digest, knitr, rmarkdown, jsonlite, jose",NA,MIT + file LICENSE,NA,NA,NA,NA,yes,3.5.1
packrat,/home/awheeler/R/x86_64-pc-linux-gnu-library/3.5,0.4.9-3,NA,R (>= 3.0.0),"tools, utils",NA,"testthat (>= 0.7), devtools, httr, knitr, rmarkdown",BiocInstaller,GPL-2,NA,NA,NA,NA,no,3.5.1
pillar,/home/awheeler/R/x86_64-pc-linux-gnu-library/3.5,1.3.0,NA,NA,"cli (>= 1.0.0), crayon (>= 1.3.4), fansi, methods, rlang (>=
0.2.0), utf8 (>= 1.1.3)",NA,"knitr (>= 1.19), lubridate, testthat (>= 2.0.0), withr",NA,GPL-3,NA,NA,NA,NA,no,3.5.1
pkgconfig,/home/awheeler/R/x86_64-pc-linux-gnu-library/3.5,2.0.2,NA,NA,utils,NA,"covr, testthat, disposables (>= 1.0.3)",NA,MIT + file LICENSE,NA,NA,NA,NA,no,3.5.1
PKI,/home/awheeler/R/x86_64-pc-linux-gnu-library/3.5,0.1-5.1,NA,"R (>= 2.9.0), base64enc",NA,NA,NA,gmp,GPL-2 | GPL-3 | file LICENSE,NA,NA,NA,NA,yes,3.5.1
plogr,/home/awheeler/R/x86_64-pc-linux-gnu-library/3.5,0.2.0,NA,NA,NA,NA,Rcpp,NA,MIT + file LICENSE,NA,NA,NA,NA,no,3.5.1
plyr,/home/awheeler/R/x86_64-pc-linux-gnu-library/3.5,1.8.4,NA,R (>= 3.1.0),Rcpp (>= 0.11.0),Rcpp,"abind, testthat, tcltk, foreach, doParallel, itertools,
iterators, covr",NA,MIT + file LICENSE,NA,NA,NA,NA,yes,3.5.1
prettyunits,/home/awheeler/R/x86_64-pc-linux-gnu-library/3.5,1.0.2,NA,NA,"magrittr, assertthat, methods",NA,testthat,NA,MIT + file LICENSE,NA,NA,NA,NA,no,3.5.1
processx,/home/awheeler/R/x86_64-pc-linux-gnu-library/3.5,3.2.1,NA,NA,"ps, R6, utils",NA,"callr, covr, crayon, debugme, parallel, testthat, withr",NA,MIT + file LICENSE,NA,NA,NA,NA,yes,3.5.1
progress,/home/awheeler/R/x86_64-pc-linux-gnu-library/3.5,1.2.0,NA,NA,"hms, prettyunits, R6, crayon",NA,"Rcpp, testthat, withr",NA,MIT + file LICENSE,NA,NA,NA,NA,no,3.5.1
promises,/home/awheeler/R/x86_64-pc-linux-gnu-library/3.5,1.0.1,NA,NA,"R6, Rcpp, later, rlang, stats, magrittr","later, Rcpp","testthat, future, knitr, rmarkdown",NA,MIT + file LICENSE,NA,NA,NA,NA,yes,3.5.1
pryr,/home/awheeler/R/x86_64-pc-linux-gnu-library/3.5,0.1.4,NA,R (>= 3.1.0),"stringr, codetools, methods, Rcpp (>= 0.11.0)",Rcpp,testthat (>= 0.8.0),NA,GPL-2,NA,NA,NA,NA,yes,3.5.1
ps,/home/awheeler/R/x86_64-pc-linux-gnu-library/3.5,1.3.0,NA,R (>= 3.1),utils,NA,"callr, covr, curl, pingr, processx (>= 3.1.0), R6, rlang,
testthat, tibble",NA,BSD_3_clause + file LICENSE,NA,NA,NA,NA,yes,3.5.1
purrr,/home/awheeler/R/x86_64-pc-linux-gnu-library/3.5,0.2.5,NA,R (>= 3.1),"magrittr (>= 1.5), rlang (>= 0.1), tibble",NA,"covr, dplyr (>= 0.7.5), knitr, rmarkdown, testthat",NA,GPL-3 | file LICENSE,NA,NA,NA,NA,yes,3.5.1
R6,/home/awheeler/R/x86_64-pc-linux-gnu-library/3.5,2.2.2,NA,R (>= 3.0),NA,NA,"knitr, microbenchmark, pryr, testthat, ggplot2, scales",NA,MIT + file LICENSE,NA,NA,NA,NA,no,3.5.1
RColorBrewer,/home/awheeler/R/x86_64-pc-linux-gnu-library/3.5,1.1-2,NA,R (>= 2.0.0),NA,NA,NA,NA,Apache License 2.0,NA,NA,NA,NA,no,3.5.1
Rcpp,/home/awheeler/R/x86_64-pc-linux-gnu-library/3.5,1.0.0,NA,R (>= 3.0.0),"methods, utils",NA,"RUnit, inline, rbenchmark, knitr, rmarkdown, pinp, pkgKitten
(>= 0.1.2)",NA,GPL (>= 2),NA,NA,NA,NA,yes,3.5.1
RcppArmadillo,/home/awheeler/R/x86_64-pc-linux-gnu-library/3.5,0.9.100.5.0,NA,R (>= 3.3.0),"Rcpp (>= 0.11.0), stats, utils, methods",Rcpp,"RUnit, Matrix, pkgKitten, reticulate, rmarkdown, knitr, pinp,
slam",NA,GPL (>= 2),NA,NA,NA,NA,yes,3.5.1
RCurl,/home/awheeler/R/x86_64-pc-linux-gnu-library/3.5,1.95-4.11,NA,"R (>= 3.0.0), methods, bitops",NA,NA,"Rcompression, XML",NA,BSD,NA,NA,NA,NA,yes,3.5.1
readr,/home/awheeler/R/x86_64-pc-linux-gnu-library/3.5,1.3.1,NA,R (>= 3.1),"Rcpp (>= 0.12.0.5), tibble, hms (>= 0.4.1), R6, clipr, crayon,
methods","Rcpp, BH","curl, testthat, knitr, rmarkdown, stringi, covr, spelling",NA,GPL (>= 2) | file LICENSE,NA,NA,NA,NA,yes,3.5.1
readxl,/home/awheeler/R/x86_64-pc-linux-gnu-library/3.5,1.2.0,NA,NA,"cellranger, progress, Rcpp (>= 0.12.18), tibble (>= 1.3.1),
utils","progress, Rcpp","covr, knitr, rmarkdown, rprojroot (>= 1.1), testthat",NA,GPL-3,NA,NA,NA,NA,yes,3.5.1
rematch,/home/awheeler/R/x86_64-pc-linux-gnu-library/3.5,1.0.1,NA,NA,NA,NA,"covr, testthat",NA,MIT + file LICENSE,NA,NA,NA,NA,no,3.5.1
reprex,/home/awheeler/R/x86_64-pc-linux-gnu-library/3.5,0.2.1,NA,R (>= 3.1),"callr (>= 2.0.0), clipr (>= 0.4.0), fs, rlang, rmarkdown,
tools, utils, whisker, withr",NA,"covr, devtools, fortunes, knitr, miniUI, rprojroot,
rstudioapi, shiny, styler (>= 1.0.2), testthat (>= 2.0.0)",NA,MIT + file LICENSE,NA,NA,NA,NA,no,3.5.1
reshape2,/home/awheeler/R/x86_64-pc-linux-gnu-library/3.5,1.4.3,NA,R (>= 3.1),"plyr (>= 1.8.1), Rcpp, stringr",Rcpp,"covr, lattice, testthat (>= 0.8.0)",NA,MIT + file LICENSE,NA,NA,NA,NA,yes,3.5.1
RJSONIO,/home/awheeler/R/x86_64-pc-linux-gnu-library/3.5,1.3-0,NA,NA,methods,NA,NA,NA,BSD_3_clause + file LICENSE,NA,NA,NA,NA,yes,3.5.1
rlang,/home/awheeler/R/x86_64-pc-linux-gnu-library/3.5,0.3.1,NA,R (>= 3.1.0),NA,NA,"crayon, magrittr, methods, pillar, testthat (>= 2.0.0), covr",NA,GPL-3,NA,NA,NA,NA,yes,3.5.1
rmarkdown,/home/awheeler/R/x86_64-pc-linux-gnu-library/3.5,1.11,NA,R (>= 3.0),"tools, utils, knitr (>= 1.18), yaml (>= 2.1.19), htmltools (>=
0.3.5), evaluate (>= 0.8), base64enc, jsonlite, mime, tinytex
(>= 0.3), methods, stringr (>= 1.2.0)",NA,"shiny (>= 0.11), tufte, testthat, digest, dygraphs, tibble,
callr (>= 2.0.0)",NA,GPL-3,NA,NA,NA,NA,no,3.5.1
rprojroot,/home/awheeler/R/x86_64-pc-linux-gnu-library/3.5,1.3-2,NA,R (>= 3.0.0),backports,NA,"testthat, mockr, knitr, withr, rmarkdown",NA,GPL-3,NA,NA,NA,NA,no,3.5.1
rsconnect,/home/awheeler/R/x86_64-pc-linux-gnu-library/3.5,0.8.8,NA,R (>= 3.0.0),"digest, PKI, RCurl, RJSONIO, packrat (>= 0.4.8-1), yaml (>=
2.1.5), rstudioapi (>= 0.5)",NA,"knitr, testthat, rmarkdown (>= 1.1), plumber (>= 0.3.2),
shiny, sourcetools, xtable",BiocInstaller,GPL-2,NA,NA,NA,NA,no,3.5.1
RSQLite,/home/awheeler/R/x86_64-pc-linux-gnu-library/3.5,2.1.1,NA,R (>= 3.1.0),"bit64, blob (>= 1.1.1), DBI (>= 1.0.0), memoise, methods,
pkgconfig, Rcpp (>= 0.12.7)","BH, plogr (>= 0.2.0), Rcpp","DBItest, knitr, rmarkdown, testthat",NA,LGPL (>= 2),NA,NA,NA,NA,yes,3.5.1
rstudioapi,/home/awheeler/R/x86_64-pc-linux-gnu-library/3.5,0.7,NA,NA,NA,NA,"testthat, knitr, rmarkdown",NA,MIT + file LICENSE,NA,NA,NA,NA,no,3.5.1
rvest,/home/awheeler/R/x86_64-pc-linux-gnu-library/3.5,0.3.2,NA,"R (>= 3.0.1), xml2","httr (>= 0.5), selectr, magrittr",NA,"testthat, knitr, png, stringi (>= 0.3.1), rmarkdown, covr",NA,GPL-3,NA,NA,NA,NA,no,3.5.1
S4Vectors,/home/awheeler/R/x86_64-pc-linux-gnu-library/3.5,0.18.3,NA,"R (>= 3.3.0), methods, utils, stats, stats4, BiocGenerics (>=
0.23.3)",NA,NA,"IRanges, GenomicRanges, SummarizedExperiment, Matrix,
DelayedArray, ShortRead, graph, data.table, RUnit, BiocStyle",NA,Artistic-2.0,NA,NA,NA,NA,yes,3.5.1
scales,/home/awheeler/R/x86_64-pc-linux-gnu-library/3.5,1.0.0,NA,R (>= 3.1),"labeling, munsell (>= 0.5), R6, RColorBrewer, Rcpp,
viridisLite",Rcpp,"dichromat, bit64, covr, hms, testthat (>= 2.0)",NA,MIT + file LICENSE,NA,NA,NA,NA,yes,3.5.1
selectr,/home/awheeler/R/x86_64-pc-linux-gnu-library/3.5,0.4-1,NA,R (>= 3.0),"methods, stringr, R6",NA,"testthat, XML, xml2",NA,BSD_3_clause + file LICENCE,NA,NA,NA,NA,no,3.5.1
shiny,/home/awheeler/R/x86_64-pc-linux-gnu-library/3.5,1.1.0,NA,"R (>= 3.0.2), methods","utils, grDevices, httpuv (>= 1.4.3), mime (>= 0.3), jsonlite
(>= 0.9.16), xtable, digest, htmltools (>= 0.3.5), R6 (>= 2.0),
sourcetools, later (>= 0.7.2), promises (>= 1.0.1), tools,
crayon, rlang",NA,"datasets, Cairo (>= 1.5-5), testthat, knitr (>= 1.6),
markdown, rmarkdown, ggplot2, magrittr",NA,GPL-3 | file LICENSE,NA,NA,NA,NA,no,3.5.1
shinydashboard,/home/awheeler/R/x86_64-pc-linux-gnu-library/3.5,0.7.0,NA,R (>= 3.0),"utils, shiny (>= 1.0.0), htmltools (>= 0.2.6)",NA,NA,NA,GPL (>= 2) | file LICENSE,NA,NA,NA,NA,no,3.5.1
shinyjs,/home/awheeler/R/x86_64-pc-linux-gnu-library/3.5,1.0,NA,R (>= 3.1.0),"digest (>= 0.6.8), htmltools (>= 0.2.9), jsonlite, shiny (>=
1.0.0)",NA,"knitr (>= 1.7), rmarkdown, shinyAce, testthat (>= 0.9.1), V8
(>= 0.6)",NA,AGPL-3,NA,NA,NA,NA,no,3.5.1
snakecase,/home/awheeler/R/x86_64-pc-linux-gnu-library/3.5,0.9.2,NA,R (>= 3.1),"stringr, stringi",NA,"testthat, covr, tibble, purrrlyr, knitr, rmarkdown",NA,GPL-3,NA,NA,NA,NA,no,3.5.1
snow,/home/awheeler/R/x86_64-pc-linux-gnu-library/3.5,0.4-3,NA,"R (>= 2.13.1), utils",NA,NA,"Rmpi,rlecuyer,nws",NA,GPL,NA,NA,NA,NA,no,3.5.1
sourcetools,/home/awheeler/R/x86_64-pc-linux-gnu-library/3.5,0.1.7,NA,R (>= 3.0.2),NA,NA,testthat,NA,MIT + file LICENSE,NA,NA,NA,NA,yes,3.5.1
stringi,/home/awheeler/R/x86_64-pc-linux-gnu-library/3.5,1.2.4,NA,R (>= 2.14),"tools, utils, stats",NA,NA,NA,file LICENSE,yes,NA,NA,NA,yes,3.5.1
stringr,/home/awheeler/R/x86_64-pc-linux-gnu-library/3.5,1.3.1,NA,R (>= 3.1),"glue (>= 1.2.0), magrittr, stringi (>= 1.1.7)",NA,"covr, htmltools, htmlwidgets, knitr, rmarkdown, testthat",NA,GPL-2 | file LICENSE,NA,NA,NA,NA,no,3.5.1
SummarizedExperiment,/home/awheeler/R/x86_64-pc-linux-gnu-library/3.5,1.10.1,NA,"R (>= 3.2), methods, GenomicRanges (>= 1.31.17), Biobase,
DelayedArray (>= 0.3.20)","utils, stats, tools, Matrix, BiocGenerics (>= 0.15.3),
S4Vectors (>= 0.17.25), IRanges (>= 2.13.16), GenomeInfoDb (>=
1.13.1)",NA,"annotate, AnnotationDbi, hgu95av2.db, GenomicFeatures,
TxDb.Hsapiens.UCSC.hg19.knownGene, BiocStyle, knitr, rmarkdown,
digest, jsonlite, rhdf5, HDF5Array (>= 1.7.5), airway, RUnit",NA,Artistic-2.0,NA,NA,NA,NA,no,3.5.1
survival,/home/awheeler/R/x86_64-pc-linux-gnu-library/3.5,2.42-6,recommended,R (>= 2.13.0),"graphics, Matrix, methods, splines, stats, utils",NA,NA,NA,LGPL (>= 2),NA,NA,NA,NA,yes,3.5.1
tibble,/home/awheeler/R/x86_64-pc-linux-gnu-library/3.5,1.4.2,NA,R (>= 3.1.0),"cli, crayon, methods, pillar (>= 1.1.0), rlang, utils",NA,"covr, dplyr, import, knitr (>= 1.5.32), microbenchmark,
mockr, nycflights13, rmarkdown, testthat, withr",NA,MIT + file LICENSE,NA,NA,NA,NA,yes,3.5.1
tidyr,/home/awheeler/R/x86_64-pc-linux-gnu-library/3.5,0.8.2,NA,R (>= 3.1),"dplyr (>= 0.7.0), glue, magrittr, purrr, Rcpp, rlang, stringi,
tibble, tidyselect (>= 0.2.5)",Rcpp,"covr, gapminder, knitr, rmarkdown, testthat",NA,MIT + file LICENSE,NA,NA,NA,NA,yes,3.5.1
tidyselect,/home/awheeler/R/x86_64-pc-linux-gnu-library/3.5,0.2.5,NA,R (>= 3.1),"glue (>= 1.3.0), purrr, rlang (>= 0.2.2), Rcpp (>= 0.12.0)","Rcpp (>= 0.12.0),","covr, dplyr, testthat",NA,GPL-3,NA,NA,NA,NA,yes,3.5.1
tidyverse,/home/awheeler/R/x86_64-pc-linux-gnu-library/3.5,1.2.1,NA,NA,"broom (>= 0.4.2), cli (>= 1.0.0), crayon (>= 1.3.4), dplyr (>=
0.7.4), dbplyr (>= 1.1.0), forcats (>= 0.2.0), ggplot2 (>=
2.2.1), haven (>= 1.1.0), hms (>= 0.3), httr (>= 1.3.1),
jsonlite (>= 1.5), lubridate (>= 1.7.1), magrittr (>= 1.5),
modelr (>= 0.1.1), purrr (>= 0.2.4), readr (>= 1.1.1), readxl
(>= 1.0.0), reprex (>= 0.1.1), rlang (>= 0.1.4), rstudioapi (>=
0.7), rvest (>= 0.3.2), stringr (>= 1.2.0), tibble (>= 1.3.4),
tidyr (>= 0.7.2), xml2 (>= 1.1.1)",NA,"feather (>= 0.3.1), knitr (>= 1.17), rmarkdown (>= 1.7.4)",NA,GPL-3 | file LICENSE,NA,NA,NA,NA,no,3.5.1
tinytex,/home/awheeler/R/x86_64-pc-linux-gnu-library/3.5,0.10,NA,NA,xfun (>= 0.3),NA,"testit, rstudioapi",NA,MIT + file LICENSE,NA,NA,NA,NA,no,3.5.1
usethis,/home/awheeler/R/x86_64-pc-linux-gnu-library/3.5,1.4.0,NA,R (>= 3.1),"clipr (>= 0.3.0), clisymbols, crayon, curl (>= 2.7), desc, fs
(>= 1.2.0), gh, git2r (>= 0.23), glue, rlang, rprojroot (>=
1.2), rstudioapi, utils, whisker",NA,"covr, knitr, magick, rmarkdown, roxygen2, spelling (>= 1.2),
styler (>= 1.0.2), testthat (>= 2.0.0), withr",NA,GPL-3,NA,NA,NA,NA,no,3.5.1
utf8,/home/awheeler/R/x86_64-pc-linux-gnu-library/3.5,1.1.4,NA,R (>= 2.10),NA,NA,"knitr, rmarkdown, testthat",NA,Apache License (== 2.0) | file LICENSE,NA,NA,NA,NA,yes,3.5.1
viridis,/home/awheeler/R/x86_64-pc-linux-gnu-library/3.5,0.5.1,NA,"R (>= 2.10), viridisLite (>= 0.3.0)","stats, ggplot2 (>= 1.0.1), gridExtra",NA,"hexbin (>= 1.27.0), scales, MASS, knitr, dichromat,
colorspace, rasterVis, httr, mapproj, vdiffr, svglite (>=
1.2.0), testthat, covr, rmarkdown, rgdal",NA,MIT + file LICENSE,NA,NA,NA,NA,no,3.5.1
viridisLite,/home/awheeler/R/x86_64-pc-linux-gnu-library/3.5,0.3.0,NA,R (>= 2.10),NA,NA,"hexbin (>= 1.27.0), ggplot2 (>= 1.0.1), testthat, covr",NA,MIT + file LICENSE,NA,NA,NA,NA,no,3.5.1
whisker,/home/awheeler/R/x86_64-pc-linux-gnu-library/3.5,0.3-2,NA,NA,NA,NA,markdown,NA,GPL-3,NA,NA,NA,NA,no,3.5.1
withr,/home/awheeler/R/x86_64-pc-linux-gnu-library/3.5,2.1.2,NA,R (>= 3.0.2),"stats, graphics, grDevices",NA,"testthat, covr, lattice, DBI, RSQLite, methods, knitr,
rmarkdown",NA,GPL (>= 2),NA,NA,NA,NA,no,3.5.1
xfun,/home/awheeler/R/x86_64-pc-linux-gnu-library/3.5,0.4,NA,NA,tools,NA,"testit, parallel, rstudioapi, tinytex, mime, markdown, knitr,
htmltools, base64enc, rmarkdown",NA,MIT + file LICENSE,NA,NA,NA,NA,no,3.5.1
XML,/home/awheeler/R/x86_64-pc-linux-gnu-library/3.5,3.98-1.16,NA,"R (>= 2.13.0), methods, utils",NA,NA,"bitops, RCurl",NA,BSD_2_clause + file LICENSE,NA,NA,NA,NA,yes,3.5.1
xml2,/home/awheeler/R/x86_64-pc-linux-gnu-library/3.5,1.2.0,NA,R (>= 3.1.0),Rcpp,Rcpp (>= 0.12.12),"testthat, curl, covr, knitr, rmarkdown, magrittr, httr",NA,GPL (>= 2),NA,NA,NA,NA,yes,3.5.1
xtable,/home/awheeler/R/x86_64-pc-linux-gnu-library/3.5,1.8-3,NA,R (>= 2.10.0),"stats, utils",NA,"knitr, spdep, splm, sphet, plm, zoo, survival",NA,GPL (>= 2),NA,NA,NA,NA,no,3.5.1
XVector,/home/awheeler/R/x86_64-pc-linux-gnu-library/3.5,0.20.0,NA,"R (>= 2.8.0), methods, BiocGenerics (>= 0.19.2), S4Vectors (>=
0.17.24), IRanges (>= 2.13.16)","methods, utils, zlibbioc, BiocGenerics, S4Vectors, IRanges","S4Vectors, IRanges","Biostrings, drosophila2probe, RUnit",NA,Artistic-2.0,NA,NA,NA,NA,yes,3.5.1
yaml,/home/awheeler/R/x86_64-pc-linux-gnu-library/3.5,2.2.0,NA,NA,NA,NA,RUnit,NA,BSD_3_clause + file LICENSE,NA,NA,NA,NA,yes,3.5.1
zlibbioc,/home/awheeler/R/x86_64-pc-linux-gnu-library/3.5,1.26.0,NA,NA,NA,NA,NA,NA,Artistic-2.0 + file LICENSE,NA,NA,NA,NA,yes,3.5.1
base,/opt/R/3.5.1/lib64/R/library,3.5.1,base,NA,NA,NA,methods,NA,Part of R 3.5.1,NA,NA,NA,NA,NA,3.5.1
boot,/opt/R/3.5.1/lib64/R/library,1.3-20,recommended,"R (>= 3.0.0), graphics, stats",NA,NA,"MASS, survival",NA,Unlimited,NA,NA,NA,NA,no,3.5.1
class,/opt/R/3.5.1/lib64/R/library,7.3-14,recommended,"R (>= 3.0.0), stats, utils",MASS,NA,NA,NA,GPL-2 | GPL-3,NA,NA,NA,NA,yes,3.5.1
cluster,/opt/R/3.5.1/lib64/R/library,2.0.7-1,recommended,R (>= 3.2.0),"graphics, grDevices, stats, utils",NA,"MASS, Matrix",NA,GPL (>= 2),NA,NA,NA,NA,yes,3.5.1
codetools,/opt/R/3.5.1/lib64/R/library,0.2-15,recommended,R (>= 2.1),NA,NA,NA,NA,GPL,NA,NA,NA,NA,no,3.5.1
compiler,/opt/R/3.5.1/lib64/R/library,3.5.1,base,NA,NA,NA,NA,NA,Part of R 3.5.1,NA,NA,NA,NA,NA,3.5.1
datasets,/opt/R/3.5.1/lib64/R/library,3.5.1,base,NA,NA,NA,NA,NA,Part of R 3.5.1,NA,NA,NA,NA,NA,3.5.1
foreign,/opt/R/3.5.1/lib64/R/library,0.8-71,recommended,R (>= 3.0.0),"methods, utils, stats",NA,NA,NA,GPL (>= 2),NA,NA,NA,NA,yes,3.5.1
graphics,/opt/R/3.5.1/lib64/R/library,3.5.1,base,NA,grDevices,NA,NA,NA,Part of R 3.5.1,NA,NA,NA,NA,yes,3.5.1
grDevices,/opt/R/3.5.1/lib64/R/library,3.5.1,base,NA,NA,NA,KernSmooth,NA,Part of R 3.5.1,NA,NA,NA,NA,yes,3.5.1
grid,/opt/R/3.5.1/lib64/R/library,3.5.1,base,NA,"grDevices, utils",NA,lattice,NA,Part of R 3.5.1,NA,NA,NA,NA,yes,3.5.1
KernSmooth,/opt/R/3.5.1/lib64/R/library,2.23-15,recommended,"R (>= 2.5.0), stats",NA,NA,MASS,NA,Unlimited,NA,NA,NA,NA,yes,3.5.1
lattice,/opt/R/3.5.1/lib64/R/library,0.20-35,recommended,R (>= 3.0.0),"grid, grDevices, graphics, stats, utils",NA,"KernSmooth, MASS, latticeExtra",chron,GPL (>= 2),NA,NA,NA,NA,yes,3.5.1
MASS,/opt/R/3.5.1/lib64/R/library,7.3-50,recommended,"R (>= 3.1.0), grDevices, graphics, stats, utils",methods,NA,"lattice, nlme, nnet, survival",NA,GPL-2 | GPL-3,NA,NA,NA,NA,yes,3.5.1
Matrix,/opt/R/3.5.1/lib64/R/library,1.2-14,recommended,R (>= 3.2.0),"methods, graphics, grid, stats, utils, lattice",NA,"expm, MASS","MatrixModels, graph, SparseM, sfsmisc",GPL (>= 2) | file LICENCE,NA,NA,NA,NA,yes,3.5.1
methods,/opt/R/3.5.1/lib64/R/library,3.5.1,base,NA,"utils, stats",NA,codetools,NA,Part of R 3.5.1,NA,NA,NA,NA,yes,3.5.1
mgcv,/opt/R/3.5.1/lib64/R/library,1.8-24,recommended,"R (>= 2.14.0), nlme (>= 3.1-64)","methods, stats, graphics, Matrix",NA,"splines, parallel, survival, MASS",NA,GPL (>= 2),NA,NA,NA,NA,yes,3.5.1
nlme,/opt/R/3.5.1/lib64/R/library,3.1-137,recommended,R (>= 3.4.0),"graphics, stats, utils, lattice",NA,"Hmisc, MASS",NA,GPL (>= 2) | file LICENCE,NA,NA,NA,NA,yes,3.5.1
nnet,/opt/R/3.5.1/lib64/R/library,7.3-12,recommended,"R (>= 2.14.0), stats, utils",NA,NA,MASS,NA,GPL-2 | GPL-3,NA,NA,NA,NA,yes,3.5.1
parallel,/opt/R/3.5.1/lib64/R/library,3.5.1,base,NA,"tools, compiler",NA,methods,"snow, nws, Rmpi",Part of R 3.5.1,NA,NA,NA,NA,yes,3.5.1
rpart,/opt/R/3.5.1/lib64/R/library,4.1-13,recommended,"R (>= 2.15.0), graphics, stats, grDevices",NA,NA,survival,NA,GPL-2 | GPL-3,NA,NA,NA,NA,yes,3.5.1
spatial,/opt/R/3.5.1/lib64/R/library,7.3-11,recommended,"R (>= 3.0.0), graphics, stats, utils",NA,NA,MASS,NA,GPL-2 | GPL-3,NA,NA,NA,NA,yes,3.5.1
splines,/opt/R/3.5.1/lib64/R/library,3.5.1,base,NA,"graphics, stats",NA,"Matrix, methods",NA,Part of R 3.5.1,NA,NA,NA,NA,yes,3.5.1
stats,/opt/R/3.5.1/lib64/R/library,3.5.1,base,NA,"utils, grDevices, graphics",NA,"MASS, Matrix, SuppDists, methods, stats4",NA,Part of R 3.5.1,NA,NA,NA,NA,yes,3.5.1
stats4,/opt/R/3.5.1/lib64/R/library,3.5.1,base,NA,"graphics, methods, stats",NA,NA,NA,Part of R 3.5.1,NA,NA,NA,NA,NA,3.5.1
survival,/opt/R/3.5.1/lib64/R/library,2.42-6,recommended,R (>= 2.13.0),"graphics, Matrix, methods, splines, stats, utils",NA,NA,NA,LGPL (>= 2),NA,NA,NA,NA,yes,3.5.1
tcltk,/opt/R/3.5.1/lib64/R/library,3.5.1,base,NA,utils,NA,NA,NA,Part of R 3.5.1,NA,NA,NA,NA,yes,3.5.1
tools,/opt/R/3.5.1/lib64/R/library,3.5.1,base,NA,NA,NA,"codetools, methods, xml2, curl",NA,Part of R 3.5.1,NA,NA,NA,NA,yes,3.5.1
utils,/opt/R/3.5.1/lib64/R/library,3.5.1,base,NA,NA,NA,"methods, xml2, commonmark",NA,Part of R 3.5.1,NA,NA,NA,NA,yes,3.5.1
